<?xml version="1.0" encoding="utf-8"?>
<group>
    <text>
        <slices>
            <slice size="16" color="#FF9C27B0">开发本功能区，只是为了给部分人，提供一些日常的救砖卡刷包，刷入方式跟刷ROM包和模块一样</slice>
            <slice break="true"></slice>
            <slice break="true"></slice>
            <slice size="16" color="#FF9C27B0">此卡刷包均可在TWRP &#38; Magisk Manger &#38; Magisk专区刷入</slice>
            <slice break="true"></slice>
            <slice break="true"></slice>
            <slice size="16" color="#FF9C27B0">资源版本：1.0</slice>
        </slices>
    </text>
</group>
<group>
<!-- START -->
    <action interruptible="false">
        <title>禁用所有Magisk模块</title>
        <set>. ./Card_Brush_Bag.sh -mask 禁用所有Magisk模块-1.0 禁用所有Magisk模块</set>
        <params>
            <param name="File_Dir" title="可输入目录绝对路径，也可以通过文件选择器长按选定目录" type="folder" editable="true" required="true" desc="上面是默认路径，请自行根据需求更改目录，温馨提示：可用「MT管理器」长按目录或文件 -->点属性 -->点击目录即可复制目录绝对路径，长按目录或长按名称即可复制文件绝对路径" value-sh="Dir=$Data_Dir/Card_Brush_Bag.log; if [[ -f $Dir ]]; then cat $Dir; else echo $GJZS; fi " />
        </params>
    </action>
<!-- END -->
<!-- START -->
    <action interruptible="false">
        <title>卸载Riru &#38; Riru EDXposed卡刷包</title>
        <set>. ./Card_Brush_Bag.sh -edxp 删除Riru和EDXposed-1.0 删除Riru和EDXposed</set>
        <params>
            <param name="File_Dir" title="可输入目录绝对路径，也可以通过文件选择器长按选定目录" type="folder" editable="true" required="true" desc="上面是默认路径，请自行根据需求更改目录，温馨提示：可用「MT管理器」长按目录或文件 -->点属性 -->点击目录即可复制目录绝对路径，长按目录或长按名称即可复制文件绝对路径" value-sh="Dir=$Data_Dir/Card_Brush_Bag.log; if [[ -f $Dir ]]; then cat $Dir; else echo $GJZS; fi " />
        </params>
    </action>
<!-- END -->
<!-- START -->
    <action interruptible="false">
        <title>卸载Riru &#38; Riru LSPosed卡刷包</title>
        <set>. ./Card_Brush_Bag.sh -lspxp 删除Riru和LSPosed-1.0 删除Riru和LSPosed-1.0</set>
        <params>
            <param name="File_Dir" title="可输入目录绝对路径，也可以通过文件选择器长按选定目录" type="folder" editable="true" required="true" desc="上面是默认路径，请自行根据需求更改目录，温馨提示：可用「MT管理器」长按目录或文件 -->点属性 -->点击目录即可复制目录绝对路径，长按目录或长按名称即可复制文件绝对路径" value-sh="Dir=$Data_Dir/Card_Brush_Bag.log; if [[ -f $Dir ]]; then cat $Dir; else echo $GJZS; fi " />
        </params>
    </action>
<!-- END -->
<!-- START -->
    <action interruptible="false">
        <title>修改屏幕DPI导致无法开机</title>
        <set>. ./Card_Brush_Bag.sh -display_density_forced 恢复默认dpi-1.0 恢复默认dpi</set>
        <params>
            <param name="File_Dir" title="可输入目录绝对路径，也可以通过文件选择器长按选定目录" type="folder" editable="true" required="true" desc="上面是默认路径，请自行根据需求更改目录，温馨提示：可用「MT管理器」长按目录或文件 -->点属性 -->点击目录即可复制目录绝对路径，长按目录或长按名称即可复制文件绝对路径" value-sh="Dir=$Data_Dir/Card_Brush_Bag.log; if [[ -f $Dir ]]; then cat $Dir; else echo $GJZS; fi " />
        </params>
    </action>
<!-- END -->
<!-- START -->
    <action interruptible="false">
        <title>修改屏幕分辨率太小导致不能恢复的</title>
        <set>. ./Card_Brush_Bag.sh -display_size_forced 恢复默认分辨率-1.0 恢复默认分辨率</set>
        <params>
            <param name="File_Dir" title="可输入目录绝对路径，也可以通过文件选择器长按选定目录" type="folder" editable="true" required="true" desc="上面是默认路径，请自行根据需求更改目录，温馨提示：可用「MT管理器」长按目录或文件 -->点属性 -->点击目录即可复制目录绝对路径，长按目录或长按名称即可复制文件绝对路径" value-sh="Dir=$Data_Dir/Card_Brush_Bag.log; if [[ -f $Dir ]]; then cat $Dir; else echo $GJZS; fi " />
        </params>
    </action>
<!-- END -->
<!-- START -->
    <action interruptible="false">
        <title>冻结系统应用导致无法开机</title>
        <set>. ./Card_Brush_Bag.sh -disable 恢复已冻结应用-1.0 恢复已冻结应用</set>
        <params>
            <param name="File_Dir" title="可输入目录绝对路径，也可以通过文件选择器长按选定目录" type="folder" editable="true" required="true" desc="上面是默认路径，请自行根据需求更改目录，温馨提示：可用「MT管理器」长按目录或文件 -->点属性 -->点击目录即可复制目录绝对路径，长按目录或长按名称即可复制文件绝对路径" value-sh="Dir=$Data_Dir/Card_Brush_Bag.log; if [[ -f $Dir ]]; then cat $Dir; else echo $GJZS; fi " />
        </params>
    </action>
<!-- END -->
<!-- START -->
    <action interruptible="false">
        <title>刷入一些替换系统apk的模块导致无法开机</title>
        <desc>造成此原因一般都是刷了一些替换系统app模块导致的后遗症，有时候甚至无法开机</desc>
        <set>. ./Card_Brush_Bag.sh -apk 删除system包名缓存-1.0 删除system包名缓存</set>
        <params>
            <param name="File_Dir" title="可输入目录绝对路径，也可以通过文件选择器长按选定目录" type="folder" editable="true" required="true" desc="上面是默认路径，请自行根据需求更改目录，温馨提示：可用「MT管理器」长按目录或文件 -->点属性 -->点击目录即可复制目录绝对路径，长按目录或长按名称即可复制文件绝对路径" value-sh="Dir=$Data_Dir/Card_Brush_Bag.log; if [[ -f $Dir ]]; then cat $Dir; else echo $GJZS; fi " />
        </params>
    </action>
<!-- END -->
</group>